"Reference","Value","Footprint","$(QUANTITY)","$(DNP)","Manufacturers Part Number","MPN","Notes"
"C3","4U70","Capacitor_SMD:C_1206_3216Metric","","","","",""
"C4","4U70","Capacitor_SMD:C_1206_3216Metric","","","","",""
"C5","4U70","Capacitor_SMD:C_1206_3216Metric","","","","",""
"C6","4U70","Capacitor_SMD:C_1206_3216Metric","","","","",""
"C7","4U70","Capacitor_SMD:C_1206_3216Metric","","","","",""
"C10","4U70","Capacitor_SMD:C_1206_3216Metric","","","","",""
"C11","4U70","Capacitor_SMD:C_1206_3216Metric","","","","",""
"C12","4U70","Capacitor_SMD:C_1206_3216Metric","","","","",""
"C13","4U70","Capacitor_SMD:C_1206_3216Metric","","","","",""
"C14","4U70","Capacitor_SMD:C_1206_3216Metric","","","","",""
"D1","B340AF","Library:D_SMA","","","","",""
"D2","BAT54S","Package_TO_SOT_SMD:SOT-23","","","","",""
"D3","BAT54S","Package_TO_SOT_SMD:SOT-23","","","","",""
"D4","B340AF","Library:D_SMA","","","","",""
"J1","cap_multiplier_board","Library:board","","","","",""
"Q1","2SD2114KT146V","Package_TO_SOT_SMD:SOT-23","","","","",""
"Q2","2SD2114KT146V","Package_TO_SOT_SMD:SOT-23","","","","",""
"Q3","BC807-40","Package_TO_SOT_SMD:SOT-23","","","","",""
"Q4","BC807-40","Package_TO_SOT_SMD:SOT-23","","","","",""
"R2","8K06","Resistor_SMD:R_0402_1005Metric","","","","",""
"R3","1K00","Resistor_SMD:R_0402_1005Metric","","","","",""
"R4","3K01","Resistor_SMD:R_0402_1005Metric","","","","",""
"R5","3K01","Resistor_SMD:R_0402_1005Metric","","","","",""
"R7","2K00","Resistor_SMD:R_0402_1005Metric","","","","",""
"R8","390R","Resistor_SMD:R_0402_1005Metric","","","","",""
"R9","750R","Resistor_SMD:R_0402_1005Metric","","","","",""
"R10","3K01","Resistor_SMD:R_0402_1005Metric","","","","",""
