"Ref Des","Value","Footprint","JLCPCB Part #","QUANTITY","DNP"
"C3,C4,C5,C6,C7,C10,C11,C12,C13,C14","4U70","Capacitor_SMD:C_1206_3216Metric","C1872","",""
"D1,D4","B340AF","Library:D_SMA","C85098","",""
"D2,D3","BAT54S","Package_TO_SOT_SMD:SOT-23","C377935","",""
"J1","cap_multiplier_board","Library:board","","",""
"Q1,Q2","2SD2114KT146V","Package_TO_SOT_SMD:SOT-23","C308659","",""
"Q3,Q4","BC807-40","Package_TO_SOT_SMD:SOT-23","C57316","",""
"R2","8K06","Resistor_SMD:R_0402_1005Metric","","",""
"R3","1K00","Resistor_SMD:R_0402_1005Metric","","",""
"R4,R5,R10","3K01","Resistor_SMD:R_0402_1005Metric","","",""
"R7","2K00","Resistor_SMD:R_0402_1005Metric","","",""
"R8","390R","Resistor_SMD:R_0402_1005Metric","","",""
"R9","750R","Resistor_SMD:R_0402_1005Metric","","",""
